Annual Distance (miles/vehicle),2020.0
LDVs,12256.656342696
HDVs,14135.853497351
aircraft,2716306.678788116
rail,0.0
ships,209.44167449
motorbikes,2083.620782296
