Annual Distance (miles/vehicle),2020.0
LDVs,11011.849405953
HDVs,50267.109584639
aircraft,2334246.113958064
rail,27807.433154689
ships,0.0
motorbikes,0.0
