Annual Distance (miles/vehicle),2020.0
LDVs,12172.496617175
HDVs,25285.522699627
aircraft,3421803.493801612
rail,0.0
ships,222.641314085
motorbikes,2399.31174448
