Annual Distance (miles/vehicle),2020.0
LDVs,10693.400957844
HDVs,51938.988249567
aircraft,2121063.22409385
rail,27710.704772364
ships,0.0
motorbikes,0.0
