Annual Distance (miles/vehicle),2020.0
LDVs,10985.262083319
HDVs,50698.499705781
aircraft,3325800.61665669
rail,28046.437647798
ships,0.0
motorbikes,0.0
