Annual Distance (miles/vehicle),2020.0
LDVs,12201.418776077
HDVs,25070.427815805
aircraft,2401626.24854383
rail,0.0
ships,222.972422999
motorbikes,2405.57361514
