solar pv,Hour0,Hour1,Hour2,Hour3,Hour4,Hour5,Hour6,Hour7,Hour8,Hour9,Hour10,Hour11,Hour12,Hour13,Hour14,Hour15,Hour16,Hour17,Hour18,Hour19,Hour20,Hour21,Hour22,Hour23
Winter,0,0,0,0,0,0.0,4.579275767911837e-06,0.05852052758490303,0.3730834095455658,0.5692635085364243,0.5775696605971637,0.5601435537535012,0.5629251366913813,0.5893567164237684,0.6066434824476358,0.5281913299917702,0.2206367025027704,0.016293717364482877,0.0,0,0,0,0,0
Spring,0,0,0,0,0,0.020790708382105467,0.21756396579844164,0.5403152327930297,0.7298626490319609,0.8047198993537757,0.8209979021228444,0.8207101330384851,0.8240709516969461,0.820372105691505,0.8081147639320772,0.7738937507903514,0.6786754191701223,0.3968173549887,0.06987276553385624,0,0,0,0,0
Summer,0,0,0,0,0,0.04538982652755958,0.3495379240054073,0.6661026262169087,0.8027118516213593,0.8560591059530268,0.8803128452926193,0.8880859741655763,0.8869347487491246,0.8908581729718333,0.8843862802732428,0.8527940146564795,0.7734563250107364,0.5803041875288772,0.20607963599675289,0,0,0,0,0
Fall,0,0,0,0,0,1.22257011133946e-06,0.06944198232408136,0.43354659031308795,0.684925343756151,0.727352194329964,0.7299917232003462,0.7198712878186783,0.7199959899700346,0.7395314377791282,0.7627174799406807,0.7177440158249477,0.47692460043352336,0.1177799593862209,3.6677103340183794e-06,0,0,0,0,0
Summer Peak,0,0,0,0,0,0.07605339697218287,0.4764262808561414,0.8197777612051607,0.927004250876277,0.9479006637333134,0.9546424043552838,0.952554254605116,0.948049817286897,0.9474681184279216,0.9340144678946976,0.9189201282720559,0.8631217838765008,0.7186218211648893,0.30683869043179957,0,0,0,0,0
Winter Peak,0,0,0,0,0,0.0,0.0,0.014927784821140029,0.29846869018321026,0.558480622467497,0.5873791234742834,0.5717552887364208,0.5619360131255127,0.5788027941432371,0.6088075173391005,0.5379222909985829,0.17642379496358168,0.004487036070301041,0.0,0,0,0,0,0
