Unit: dimensionless (ratio of electricity demand in this hour to annual demand),Hour0,Hour1,Hour2,Hour3,Hour4,Hour5,Hour6,Hour7,Hour8,Hour9,Hour10,Hour11,Hour12,Hour13,Hour14,Hour15,Hour16,Hour17,Hour18,Hour19,Hour20,Hour21,Hour22,Hour23
Winter,0,0,0,0,0,0.044107583245968876,0.10540332868668979,0.10540332868668979,0.06129574544072091,0.06129574544072091,0.06129574544072091,0.06129574544072091,0.06129574544072091,0.06129574544072091,0.06129574544072091,0.06129574544072091,0.26882136534525414,0.3896604839421985,0.4011068305664693,0.3562535569866717,0.10633544160397568,0,0,0
Spring,0,0,0,0,0,0.0,0.0,0.0,0.0,0.0,0.0,0.0,0.0,0.0,0.0,0.0,0.0,0.0,0.0,0.0,0.0,0,0,0
Summer,0,0,0,0,0,0.0,0.0,0.0,0.0,0.0,0.0714890080909709,0.2997675141991461,0.5616993492861998,0.7385252223601929,0.8813087106289621,0.95,0.95,0.95,0.95,0.7539415594791306,0.14351296794316679,0,0,0
Fall,0,0,0,0,0,0.0,0.0,0.0,0.0,0.0,0.0,0.0,0.0,0.0,0.0,0.0,0.0,0.0,0.0,0.0,0.0,0,0,0
Summer Peak,0,0,0,0,0,0.0,0.0,0.0,0.0,0.0,0.0,0.0,0.0,0.0,0.0,0.0,0.0,0.0,0.0,0.0,0.0,0,0,0
Winter Peak,0,0,0,0,0,0.0,0.0,0.0,0.0,0.0,0.0,0.0,0.0,0.0,0.0,0.0,0.0,0.0,0.0,0.0,0.0,0,0,0
