Unit: dimensionless (ratio of electricity demand in this hour to annual demand),Hour0,Hour1,Hour2,Hour3,Hour4,Hour5,Hour6,Hour7,Hour8,Hour9,Hour10,Hour11,Hour12,Hour13,Hour14,Hour15,Hour16,Hour17,Hour18,Hour19,Hour20,Hour21,Hour22,Hour23
Winter,0,0,0,0,0,0.0,4.350311979516245e-06,0.056340890446714864,0.36935267357744805,0.568724364232978,0.5780601337410196,0.5607241405026473,0.562875680513088,0.5888290203097419,0.606751684192209,0.528677878042111,0.21842605712581095,0.015703383299773783,0.0,0,0,0,0,0
Spring,0,0,0,0,0,0.020790708382105467,0.21756396579844164,0.5403152327930297,0.7298626490319609,0.8047198993537757,0.8209979021228444,0.8207101330384851,0.8240709516969461,0.820372105691505,0.8081147639320772,0.7738937507903514,0.6786754191701223,0.3968173549887,0.06987276553385624,0,0,0,0,0
Summer,0,0,0,0,0,0.04705632492128912,0.3564340303559907,0.6744545357271396,0.809466873319996,0.8610504949628249,0.8843524952416772,0.8915896850590295,0.8902562198653081,0.8939348004422727,0.8870834643831045,0.8563878251790652,0.7783294477751801,0.5878214502264866,0.211555671563875,0,0,0,0,0
Fall,0,0,0,0,0,1.22257011133946e-06,0.06944198232408136,0.43354659031308795,0.684925343756151,0.727352194329964,0.7299917232003462,0.7198712878186783,0.7199959899700346,0.7395314377791282,0.7627174799406807,0.7177440158249477,0.47692460043352336,0.1177799593862209,3.6677103340183794e-06,0,0,0,0,0
Summer Peak,0,0,0,0,0,0.00044746066075024234,0.42098590498918637,0.7647848459989559,0.8577820866582146,0.8615109254978,0.9034230740547393,0.9223655753598329,0.9234842270117084,0.9191587739577894,0.8763517040793496,0.8521888283988366,0.8011783130733089,0.6800656275635767,0.25975091356551566,0,0,0,0,0
Winter Peak,0,0,0,0,0,0.0,0.0,7.457677679170706e-05,0.08755313595346409,0.178462226862555,0.2504288164665523,0.3465582817510627,0.25348646431501226,0.23111343127750014,0.23491684689387723,0.2662390931463942,0.08397345066746215,0.0,0.0,0,0,0,0,0
