solar pv dist,Hour0,Hour1,Hour2,Hour3,Hour4,Hour5,Hour6,Hour7,Hour8,Hour9,Hour10,Hour11,Hour12,Hour13,Hour14,Hour15,Hour16,Hour17,Hour18,Hour19,Hour20,Hour21,Hour22,Hour23
Winter,0,0,0,0,0,0.0,0.001236823077215816,0.08624462457662596,0.27895117403052105,0.3437987593713133,0.33497925942839746,0.330383985995357,0.33676789587852496,0.4565304258476993,0.4559881264984587,0.3632168816836017,0.12410092476310074,0.030673212314952243,0.0,0,0,0,0,0
Spring,0,0,0,0,0,0.00018862586060548902,0.1550033009525606,0.30921673111383574,0.3971989059700086,0.4157785532396491,0.4281335471093088,0.4263062340846932,0.4229463359426578,0.503913986607564,0.49847920399886825,0.4779543525417334,0.39082099405828535,0.19516882014524192,0.02769263416014335,0,0,0,0,0
Summer,0,0,0,0,0,0.008564589722492336,0.2178921385294337,0.36051063405390554,0.4115117061859528,0.42638442167202745,0.44337646794823854,0.44292766848679777,0.4300620839254993,0.570598648614955,0.5686787842521256,0.5423492158476074,0.4655795746378437,0.2636946168997931,0.07744284040192478,0,0,0,0,0
Fall,0,0,0,0,0,0.0,0.08758578997901922,0.2728565840475089,0.3775648092173109,0.38489029550869464,0.3951850929910034,0.3877707051669571,0.39337150172468965,0.4968884463568149,0.49253227125635646,0.42525159133743456,0.2536360726858931,0.08417197112478217,0.00019558337185733083,0,0,0,0,0
Summer Peak,0,0,0,0,0,0.013449023861171366,0.28763557483731017,0.41757049891540127,0.4648590021691974,0.4739696312364425,0.47440347071583516,0.46941431670282,0.46702819956616054,0.6184381778741865,0.6158351409978308,0.5982646420824296,0.5422993492407809,0.33731019522776573,0.12169197396963125,0,0,0,0,0
Winter Peak,0,0,0,0,0,0.0,0.0,0.056941431670282,0.24692697035430225,0.3136297903109183,0.3228488792480116,0.33261026753434564,0.3360448300795372,0.4535430224150398,0.48445408532176426,0.32574114244396235,0.0710412147505423,0.0023499638467100506,0.0,0,0,0,0,0
