solar pv,Hour0,Hour1,Hour2,Hour3,Hour4,Hour5,Hour6,Hour7,Hour8,Hour9,Hour10,Hour11,Hour12,Hour13,Hour14,Hour15,Hour16,Hour17,Hour18,Hour19,Hour20,Hour21,Hour22,Hour23
Winter,0,0,0,0,0,0.0,3.518364581781737e-06,0.04496268886112386,0.2866487018304334,0.43737845625503313,0.44376026698287346,0.4303713818786587,0.4325085370503352,0.45281653741637934,0.46609836371260555,0.40582174169752083,0.16952033440887254,0.012518843805491104,0.0,0,0,0,0,0
Spring,0,0,0,0,0,0.015973987090781572,0.1671594789947028,0.41513681953315146,0.5607705288057866,0.6182851035049957,0.6307918734196086,0.6305707737074585,0.6331529692189362,0.6303110593976932,0.6208934572922775,0.5946006532130336,0.5214421839510418,0.30488404673326763,0.053684878558332,0,0,0,0,0
Summer,0,0,0,0,0,0.03487406439831106,0.26855815507501846,0.5117822133219235,0.6167422735077791,0.6577302156385127,0.6763649303386281,0.6823372068955187,0.6814526935060274,0.6844671520195792,0.6794946456229627,0.6552215696961667,0.5942645687647153,0.44586126792539943,0.15833580004029305,0,0,0,0,0
Fall,0,0,0,0,0,9.393291857684262e-07,0.05335389775164663,0.33310397652801355,0.5262441470597885,0.55884168779351,0.5608696995055843,0.5530939325057933,0.5531897440827414,0.5681992851421355,0.5860136631502334,0.5514594997225564,0.3664323153682631,0.09049309509855866,2.8179875573052783e-06,0,0,0,0,0
Summer Peak,0,0,0,0,0,0.000343794481991244,0.32345330847342874,0.5876020688033678,0.6590540219772147,0.6619189759938084,0.6941210591403216,0.7086750255446176,0.7095345117495957,0.706211165090347,0.6733214929798513,0.6547565909523242,0.6155640200053224,0.522510313546359,0.19957269679591713,0,0,0,0,0
Winter Peak,0,0,0,0,0,0.0,0.0,5.7299080331874e-05,0.06726912030962008,0.1371166992341745,0.19241031175443288,0.2662688263022185,0.1947595740480397,0.1775698499484775,0.18049210304540309,0.20455771678479018,0.06451876445369012,0.0,0.0,0,0,0,0,0
