solar pv,Hour0,Hour1,Hour2,Hour3,Hour4,Hour5,Hour6,Hour7,Hour8,Hour9,Hour10,Hour11,Hour12,Hour13,Hour14,Hour15,Hour16,Hour17,Hour18,Hour19,Hour20,Hour21,Hour22,Hour23
Winter,0,0,0,0,0,0.0,4.579275767911837e-06,0.05852052758490303,0.3730834095455658,0.5692635085364243,0.5775696605971637,0.5601435537535012,0.5629251366913813,0.5893567164237684,0.6066434824476358,0.5281913299917702,0.2206367025027704,0.016293717364482877,0.0,0,0,0,0,0
Spring,0,0,0,0,0,0.020790708382105467,0.21756396579844164,0.5403152327930297,0.7298626490319609,0.8047198993537757,0.8209979021228444,0.8207101330384851,0.8240709516969461,0.820372105691505,0.8081147639320772,0.7738937507903514,0.6786754191701223,0.3968173549887,0.06987276553385624,0,0,0,0,0
Summer,0,0,0,0,0,0.04538982652755958,0.3495379240054073,0.6661026262169087,0.8027118516213593,0.8560591059530268,0.8803128452926193,0.8880859741655763,0.8869347487491246,0.8908581729718333,0.8843862802732428,0.8527940146564795,0.7734563250107364,0.5803041875288772,0.20607963599675289,0,0,0,0,0
Fall,0,0,0,0,0,1.22257011133946e-06,0.06944198232408136,0.43354659031308795,0.684925343756151,0.727352194329964,0.7299917232003462,0.7198712878186783,0.7199959899700346,0.7395314377791282,0.7627174799406807,0.7177440158249477,0.47692460043352336,0.1177799593862209,3.6677103340183794e-06,0,0,0,0,0
Summer Peak,0,0,0,0,0,0.00044746066075024234,0.42098590498918637,0.7647848459989559,0.8577820866582146,0.8615109254978,0.9034230740547393,0.9223655753598329,0.9234842270117084,0.9191587739577894,0.8763517040793496,0.8521888283988366,0.8011783130733089,0.6800656275635767,0.25975091356551566,0,0,0,0,0
Winter Peak,0,0,0,0,0,0.0,0.0,7.457677679170706e-05,0.08755313595346409,0.178462226862555,0.2504288164665523,0.3465582817510627,0.25348646431501226,0.23111343127750014,0.23491684689387723,0.2662390931463942,0.08397345066746215,0.0,0.0,0,0,0,0,0
